<ns1:Opret xmlns:ns1="urn:oio:kl:kdi:oir:1590_B_V2">
    <ns1:DebitorLeverancedataAfgivendeMyndighed>urn:oio:cvr-nr:29189889</ns1:DebitorLeverancedataAfgivendeMyndighed>
    <ns1:DebitorLeverancedataDebitoransvarligMyndighed>urn:oio:cvr-nr:29189889</ns1:DebitorLeverancedataDebitoransvarligMyndighed>
    <ns1:DebitorLeverancedataAfgivendeITSystem>33681dfb-2c63-4b67-bf33-a06715c3d562</ns1:DebitorLeverancedataAfgivendeITSystem>
    <ns1:DebitorLeverancedataTransaktionsID>a017dd75-6d36-43d3-83b9-19f0b83b64c9</ns1:DebitorLeverancedataTransaktionsID>
    <ns1:DebitorLeverancedataRegistreringstidspunkt>2017-03-20T09:09:26+01:00</ns1:DebitorLeverancedataRegistreringstidspunkt>
    <ns1:DebitorLeverancedataAntalDebitorkonto>2</ns1:DebitorLeverancedataAntalDebitorkonto>
    <ns1:DebitorLeverancedataAntalFordring>2</ns1:DebitorLeverancedataAntalFordring>
    <ns1:DebitorLeverancedataAntalDelfordring>2</ns1:DebitorLeverancedataAntalDelfordring>
    <ns1:Debitorkonto>
     <ns1:DebitorkontoUnikIdentifikation>70c0eb2c-a307-439b-bc77-00b8cfaece43</ns1:DebitorkontoUnikIdentifikation>
     <ns1:DebitorkontoFelter>
      <ns1:DebitorkontoType>cb34a169-2036-4301-98b8-c1bdc6f33c37</ns1:DebitorkontoType>
      <ns1:DebitorkontoOrganisatoriskReference>fbfaaaf9-42d4-43b9-b1bf-bf7fff5702a4</ns1:DebitorkontoOrganisatoriskReference>
      <ns1:DebitorkontoOprettetAfITSystem>6cfc6b02-25c9-45b6-894a-6f1aab52c9e9</ns1:DebitorkontoOprettetAfITSystem>
      <ns1:DebitorkontoDebitorkontoIdentifikation>1101010101-78duh13</ns1:DebitorkontoDebitorkontoIdentifikation>
      <ns1:DebitorkontoDebitorkontoIdentifikationType>8f7dff74-fc15-457b-9e0a-08a43860c7a4</ns1:DebitorkontoDebitorkontoIdentifikationType>
      <ns1:DebitorkontoOprettetDatoTid>2017-02-27T10:00:17+01:00</ns1:DebitorkontoOprettetDatoTid>
      <ns1:DebitorkontoFolsomhed>1d81c472-0808-44cc-963d-f5ef0170ae1d</ns1:DebitorkontoFolsomhed>
      <ns1:JuridiskAnsvarlig>
       <ns1:JuridiskAnsvarligPartID>0101650400</ns1:JuridiskAnsvarligPartID>
       <ns1:JuridiskAnsvarligPartIDType>82f93186-6e12-41f3-8b74-e3f3957ec4b7</ns1:JuridiskAnsvarligPartIDType>
      </ns1:JuridiskAnsvarlig>
     </ns1:DebitorkontoFelter>
     <ns1:JuridiskAnsvarligAlternativAdresse>
      <ns1:JuridiskAnsvarligAlternativAdresseFraDato>2017-03-16</ns1:JuridiskAnsvarligAlternativAdresseFraDato>
      <ns1:AdresseStruktur>
       <ns1:AdresseFormatKode>unstructured</ns1:AdresseFormatKode>
       <ns1:AdresseLinje>
        <ns1:AdresselinjeTekst>En ustruktureret adresse</ns1:AdresselinjeTekst>
       </ns1:AdresseLinje>
      </ns1:AdresseStruktur>
     </ns1:JuridiskAnsvarligAlternativAdresse>
     <ns1:Ligestillingspartner>
      <ns1:LigestillingspartnerNavn>TCD144BN - 1</ns1:LigestillingspartnerNavn>
     </ns1:Ligestillingspartner>
     <ns1:Fordring>
      <ns1:FordringUnikIdentifikation>8fffb7ee-b70f-4dd4-af8b-6d8fd0fd62c4</ns1:FordringUnikIdentifikation>
      <ns1:FordringFelter>
       <ns1:FordringOprettetAfITSystem>6cfc6b02-25c9-45b6-894a-6f1aab52c9e9</ns1:FordringOprettetAfITSystem>
       <ns1:FordringOprettetDatoTid>2017-02-28T10:17:51+01:00</ns1:FordringOprettetDatoTid>
       <ns1:FordringForfaldsdato>2017-04-29</ns1:FordringForfaldsdato>
       <ns1:FordringOpkraevningStatus>Opkraev</ns1:FordringOpkraevningStatus>
      </ns1:FordringFelter>
      <ns1:Delfordring>
       <ns1:DelfordringUnikIdentifikation>73cda370-12ea-4858-83ee-f5a187922504</ns1:DelfordringUnikIdentifikation>
       <ns1:DelfordringFelter>
        <ns1:DelfordringType>175fc3be-a122-4ea6-be5b-559f3d33aeba</ns1:DelfordringType>
        <ns1:DelfordringOprettetAfITSystem>6cfc6b02-25c9-45b6-894a-6f1aab52c9e9</ns1:DelfordringOprettetAfITSystem>
        <ns1:DelfordringOprettetDatoTid>2017-02-28</ns1:DelfordringOprettetDatoTid>
        <ns1:DelfordringBelob>10000</ns1:DelfordringBelob>
        <ns1:DelfordringPeriodeFra>2017-01-01</ns1:DelfordringPeriodeFra>
        <ns1:DelfordringPeriodeTil>2017-11-30</ns1:DelfordringPeriodeTil>
        <ns1:DelfordringFolsomhed>1d81c472-0808-44cc-963d-f5ef0170ae1d</ns1:DelfordringFolsomhed>
       </ns1:DelfordringFelter>
      </ns1:Delfordring>
     </ns1:Fordring>
    </ns1:Debitorkonto>
    <ns1:Debitorkonto>
     <ns1:DebitorkontoUnikIdentifikation>5bc65cde-9771-47b3-a4c3-329e2a87387a</ns1:DebitorkontoUnikIdentifikation>
     <ns1:DebitorkontoFelter>
      <ns1:DebitorkontoType>cb34a169-2036-4301-98b8-c1bdc6f33c37</ns1:DebitorkontoType>
      <ns1:DebitorkontoOrganisatoriskReference>fbfaaaf9-42d4-43b9-b1bf-bf7fff5702a4</ns1:DebitorkontoOrganisatoriskReference>
      <ns1:DebitorkontoOprettetAfITSystem>6cfc6b02-25c9-45b6-894a-6f1aab52c9e9</ns1:DebitorkontoOprettetAfITSystem>
      <ns1:DebitorkontoDebitorkontoIdentifikation>1101010101-78duh87</ns1:DebitorkontoDebitorkontoIdentifikation>
      <ns1:DebitorkontoDebitorkontoIdentifikationType>8f7dff74-fc15-457b-9e0a-08a43860c7a4</ns1:DebitorkontoDebitorkontoIdentifikationType>
      <ns1:DebitorkontoOprettetDatoTid>2017-02-27T10:00:17+01:00</ns1:DebitorkontoOprettetDatoTid>
      <ns1:DebitorkontoFolsomhed>1d81c472-0808-44cc-963d-f5ef0170ae1d</ns1:DebitorkontoFolsomhed>
      <ns1:JuridiskAnsvarlig>
       <ns1:JuridiskAnsvarligPartID>0101650390</ns1:JuridiskAnsvarligPartID>
       <ns1:JuridiskAnsvarligPartIDType>82f93186-6e12-41f3-8b74-e3f3957ec4b7</ns1:JuridiskAnsvarligPartIDType>
      </ns1:JuridiskAnsvarlig>
     </ns1:DebitorkontoFelter>
     <ns1:Ligestillingspartner>
      <ns1:LigestillingspartnerNavn>TCD144BN - 2</ns1:LigestillingspartnerNavn>
     </ns1:Ligestillingspartner>
     <ns1:Fordring>
      <ns1:FordringUnikIdentifikation>da323a29-d3f8-42bd-a9fe-27f1aabb0441</ns1:FordringUnikIdentifikation>
      <ns1:FordringFelter>
       <ns1:FordringOprettetAfITSystem>6cfc6b02-25c9-45b6-894a-6f1aab52c9e9</ns1:FordringOprettetAfITSystem>
       <ns1:FordringOprettetDatoTid>2016-11-30T08:22:57.874Z</ns1:FordringOprettetDatoTid>
       <ns1:FordringForfaldsdato>2017-11-30</ns1:FordringForfaldsdato>
       <ns1:FordringOpkraevningStatus>Opkraev</ns1:FordringOpkraevningStatus>
      </ns1:FordringFelter>
      <ns1:Delfordring>
       <ns1:DelfordringUnikIdentifikation>96945405-7351-4e42-b8c6-ec194b6c4e43</ns1:DelfordringUnikIdentifikation>
       <ns1:DelfordringFelter>
        <ns1:DelfordringType>175fc3be-a122-4ea6-be5b-559f3d33aeba</ns1:DelfordringType>
        <ns1:DelfordringOprettetAfITSystem>6cfc6b02-25c9-45b6-894a-6f1aab52c9e9</ns1:DelfordringOprettetAfITSystem>
        <ns1:DelfordringOprettetDatoTid>2016-11-30</ns1:DelfordringOprettetDatoTid>
        <ns1:DelfordringBelob>10000</ns1:DelfordringBelob>
        <ns1:DelfordringPeriodeFra>2017-11-01</ns1:DelfordringPeriodeFra>
        <ns1:DelfordringPeriodeTil>2017-11-30</ns1:DelfordringPeriodeTil>
        <ns1:DelfordringFolsomhed>1d81c472-0808-44cc-963d-f5ef0170ae1d</ns1:DelfordringFolsomhed>
       </ns1:DelfordringFelter>
      </ns1:Delfordring>
     </ns1:Fordring>
    </ns1:Debitorkonto>
   </ns1:Opret>